kuba,%,gustaw,%,tomek,%,suma
75,29.296875,92,35.9375,89,34.765625,256
94,35.741444866920155,55,20.912547528517113,114,43.346007604562736,263
