kuba,%,gustaw,%,tomek,%,suma
75,29.18287937743191,93,36.18677042801556,89,34.63035019455253,257
94,35.471698113207545,55,20.754716981132077,116,43.77358490566038,265
